<?xml version="1.0" encoding="UTF-8"?>

<configuration scan="true">
    <appender name="CONSOLE" class="ch.qos.logback.core.ConsoleAppender">
        <encoder>
            <charset>utf-8</charset>
            <Pattern>[%p] %c - %m%n</Pattern>
        </encoder>
    </appender>

    <logger name="javax.activation" level="WARN"/>
    <logger name="org.lightadmin" level="INFO"/>
    <logger name="ch.qos.logback" level="WARN"/>
    <logger name="org.apache" level="WARN"/>
    <logger name="org.springframework" level="WARN"/>
    <logger name="org.thymeleaf" level="WARN"/>

    <contextListener class="ch.qos.logback.classic.jul.LevelChangePropagator">
        <resetJUL>true</resetJUL>
    </contextListener>

    <root level="WARN">
        <appender-ref ref="CONSOLE"/>
    </root>

</configuration>
